,close,vol
24/8/2023 00:00,1.0856,0.121546562
24/8/2023 04:00,1.0843,0.118898729
24/8/2023 08:00,1.0825,0.121115815
24/8/2023 12:00,1.0806,0.128152598
24/8/2023 16:00,1.0798,0.135623895
24/8/2023 20:00,1.078,0.145565009
25/8/2023 00:00,1.0771,0.155088398
25/8/2023 04:00,1.0803,0.156404679
25/8/2023 08:00,1.0786,0.1602584
25/8/2023 12:00,1.0802,0.163150984
25/8/2023 16:00,1.0796,0.166639651
25/8/2023 20:00,1.079618182,0.169317536
26/8/2023 00:00,1.079636364,0.169557758
26/8/2023 04:00,1.079654545,0.170510896
26/8/2023 08:00,1.079672727,0.172178109
26/8/2023 12:00,1.079690909,0.175421596
26/8/2023 16:00,1.079709091,0.178334666
26/8/2023 20:00,1.079727273,0.181367327
27/8/2023 00:00,1.079745455,0.183498015
27/8/2023 04:00,1.079763636,0.18420493
27/8/2023 08:00,1.079781818,0.186122915
27/8/2023 12:00,1.0798,0.187966349
27/8/2023 16:00,1.0797,0.1894953
27/8/2023 20:00,1.0809,0.189150104
28/8/2023 00:00,1.0809,0.189465916
28/8/2023 04:00,1.0805,0.190387416
28/8/2023 08:00,1.0809,0.190382136
28/8/2023 12:00,1.0818,0.189904252
28/8/2023 16:00,1.0826,0.188994897
28/8/2023 20:00,1.0836,0.187859682
29/8/2023 00:00,1.082,0.186985846
29/8/2023 04:00,1.0804,0.186801984
29/8/2023 08:00,1.085,0.185650928
29/8/2023 12:00,1.0885,0.186672599
29/8/2023 16:00,1.0869,0.186396931
29/8/2023 20:00,1.0869,0.186120322
30/8/2023 00:00,1.0865,0.185596271
30/8/2023 04:00,1.0879,0.186073449
30/8/2023 08:00,1.0925,0.192430784
30/8/2023 12:00,1.0922,0.198019897
30/8/2023 16:00,1.093,0.20452417
30/8/2023 20:00,1.0921,0.208964762
31/8/2023 00:00,1.0893,0.209416862
31/8/2023 04:00,1.0868,0.205678668
31/8/2023 08:00,1.0839,0.203453676
31/8/2023 12:00,1.0844,0.200359514
31/8/2023 16:00,1.0842,0.196877992
31/8/2023 20:00,1.0842,0.190890586
1/9/2023 00:00,1.0856,0.183033874
1/9/2023 04:00,1.0834,0.180320368
1/9/2023 08:00,1.0787,0.182258224
1/9/2023 12:00,1.0775,0.185263979
1/9/2023 16:00,1.078,0.187506723
1/9/2023 20:00,1.078027273,0.189090948
2/9/2023 00:00,1.078054545,0.191202978
2/9/2023 04:00,1.078081818,0.193081083
2/9/2023 08:00,1.078109091,0.193941882
2/9/2023 12:00,1.078136364,0.194356604
2/9/2023 16:00,1.078163636,0.194372227
2/9/2023 20:00,1.078190909,0.194223832
3/9/2023 00:00,1.078218182,0.194522854
3/9/2023 04:00,1.078245455,0.195371913
3/9/2023 08:00,1.078272727,0.196602618
3/9/2023 12:00,1.0783,0.197650327
3/9/2023 16:00,1.0776,0.198939996
3/9/2023 20:00,1.0786,0.198545731
4/9/2023 00:00,1.0795,0.196949469
4/9/2023 04:00,1.08,0.197046176
4/9/2023 08:00,1.0799,0.196403727
4/9/2023 12:00,1.0794,0.196716951
4/9/2023 16:00,1.0792,0.196902786
4/9/2023 20:00,1.0788,0.197310183
5/9/2023 00:00,1.0756,0.200469944
5/9/2023 04:00,1.0733,0.20655343
5/9/2023 08:00,1.0726,0.213402284
5/9/2023 12:00,1.0722,0.220511868
5/9/2023 16:00,1.0725,0.226811971
5/9/2023 20:00,1.0734,0.23162147
6/9/2023 00:00,1.0729,0.236855549
6/9/2023 04:00,1.0744,0.240164611
6/9/2023 08:00,1.0713,0.247129123
6/9/2023 12:00,1.0727,0.251935464
6/9/2023 16:00,1.0724,0.256867818
6/9/2023 20:00,1.073,0.260949857
7/9/2023 00:00,1.0715,0.266519595
7/9/2023 04:00,1.0705,0.273052611
7/9/2023 08:00,1.0703,0.279428856
7/9/2023 12:00,1.0695,0.286266142
7/9/2023 16:00,1.0698,0.291979387
7/9/2023 20:00,1.0717,0.294721105
8/9/2023 00:00,1.0709,0.298650061
8/9/2023 04:00,1.0699,0.303760104
8/9/2023 08:00,1.0709,0.305382552
8/9/2023 12:00,1.0699,0.304072249
8/9/2023 16:00,1.07,0.303815984
8/9/2023 20:00,1.070181818,0.302802773
9/9/2023 00:00,1.070363636,0.301494582
9/9/2023 04:00,1.070545455,0.297775465
9/9/2023 08:00,1.070727273,0.285451394
9/9/2023 12:00,1.070909091,0.271992674
9/9/2023 16:00,1.071090909,0.254707121
9/9/2023 20:00,1.071272727,0.237119246
10/9/2023 00:00,1.071454545,0.223877484
10/9/2023 04:00,1.071636364,0.214311065
10/9/2023 08:00,1.071818182,0.208817249
10/9/2023 12:00,1.072,0.201785056
10/9/2023 16:00,1.0717,0.194540297
10/9/2023 20:00,1.0723,0.186192938
11/9/2023 00:00,1.0726,0.173710508
11/9/2023 04:00,1.072,0.165071305
11/9/2023 08:00,1.0743,0.162689448
11/9/2023 12:00,1.0749,0.161410011
11/9/2023 16:00,1.0748,0.159636591
11/9/2023 20:00,1.0746,0.157740216
12/9/2023 00:00,1.0713,0.156441033
12/9/2023 04:00,1.0718,0.154662785
12/9/2023 08:00,1.0726,0.152400967
12/9/2023 12:00,1.0728,0.149908258
12/9/2023 16:00,1.0753,0.147597218
12/9/2023 20:00,1.0747,0.144938869
13/9/2023 00:00,1.0743,0.142023516
13/9/2023 04:00,1.0737,0.13882716
13/9/2023 08:00,1.0736,0.135410904
13/9/2023 12:00,1.0732,0.13173194
13/9/2023 16:00,1.0733,0.128823219
13/9/2023 20:00,1.0745,0.124565941
14/9/2023 00:00,1.0733,0.117961561
14/9/2023 04:00,1.0731,0.109542637
14/9/2023 08:00,1.0659,0.1082862
14/9/2023 12:00,1.0643,0.111067109
14/9/2023 16:00,1.0635,0.11512495
14/9/2023 20:00,1.0647,0.11575589
15/9/2023 00:00,1.0664,0.117788367
15/9/2023 04:00,1.0655,0.12296743
15/9/2023 08:00,1.0672,0.125457891
15/9/2023 12:00,1.066,0.129513545
15/9/2023 16:00,1.0657,0.133615935
15/9/2023 20:00,1.065736364,0.136875273
16/9/2023 00:00,1.065772727,0.140043564
16/9/2023 04:00,1.065809091,0.141761327
16/9/2023 08:00,1.065845455,0.144832687
16/9/2023 12:00,1.065881818,0.147178513
16/9/2023 16:00,1.065918182,0.149408255
16/9/2023 20:00,1.065954545,0.151050531
17/9/2023 00:00,1.065990909,0.153162036
17/9/2023 04:00,1.066027273,0.155281946
17/9/2023 08:00,1.066063636,0.157272721
17/9/2023 12:00,1.0661,0.159105006
17/9/2023 16:00,1.0668,0.160320504
17/9/2023 20:00,1.0664,0.161450563
18/9/2023 00:00,1.0662,0.162892976
18/9/2023 04:00,1.0664,0.16422146
18/9/2023 08:00,1.0694,0.16409625
18/9/2023 12:00,1.0687,0.164220613
18/9/2023 16:00,1.0692,0.164246227
18/9/2023 20:00,1.0683,0.164449559
19/9/2023 00:00,1.0694,0.164409052
19/9/2023 04:00,1.0709,0.164491654
19/9/2023 08:00,1.0683,0.16457906
19/9/2023 12:00,1.0681,0.164658283
19/9/2023 16:00,1.0681,0.164648731
19/9/2023 20:00,1.068,0.164569566
20/9/2023 00:00,1.0691,0.164146784
20/9/2023 04:00,1.0702,0.163669412
20/9/2023 08:00,1.0714,0.163463107
20/9/2023 12:00,1.0659,0.164058797
20/9/2023 16:00,1.065,0.1654538
20/9/2023 20:00,1.0636,0.16777159
21/9/2023 00:00,1.0655,0.167715292
21/9/2023 04:00,1.0636,0.16972041
21/9/2023 08:00,1.0664,0.166931632
21/9/2023 12:00,1.0659,0.163306746
21/9/2023 16:00,1.066,0.159379153
21/9/2023 20:00,1.0652,0.155855705
22/9/2023 00:00,1.0648,0.156050379
22/9/2023 04:00,1.0636,0.156738033
22/9/2023 08:00,1.0659,0.154628076
22/9/2023 12:00,1.0644,0.153013221
22/9/2023 16:00,1.0653,0.146443702
22/9/2023 20:00,1.065327273,0.140316768
23/9/2023 00:00,1.065354545,0.134291902
23/9/2023 04:00,1.065381818,0.128778284
23/9/2023 08:00,1.065409091,0.122857749
23/9/2023 12:00,1.065436364,0.117101258
23/9/2023 16:00,1.065463636,0.110479839
23/9/2023 20:00,1.065490909,0.099845279
24/9/2023 00:00,1.065518182,0.091076737
24/9/2023 04:00,1.065545455,0.081526176
24/9/2023 08:00,1.065572727,0.081612757
24/9/2023 12:00,1.0656,0.080795188
24/9/2023 16:00,1.0648,0.079471914
24/9/2023 20:00,1.0648,0.07939672
25/9/2023 00:00,1.0638,0.080887937
25/9/2023 04:00,1.0631,0.083057832
25/9/2023 08:00,1.059,0.093759203
25/9/2023 12:00,1.0593,0.102464178
25/9/2023 16:00,1.0591,0.110678453
25/9/2023 20:00,1.0586,0.119184669
26/9/2023 00:00,1.0585,0.127082498
26/9/2023 04:00,1.0599,0.131783983
26/9/2023 08:00,1.0573,0.140939096
26/9/2023 12:00,1.057,0.149833497
26/9/2023 16:00,1.0569,0.158105878
26/9/2023 20:00,1.0562,0.166972644
27/9/2023 00:00,1.0565,0.174507477
27/9/2023 04:00,1.054,0.186153738
27/9/2023 08:00,1.0509,0.203514626
27/9/2023 12:00,1.0506,0.219524262
27/9/2023 16:00,1.0506,0.233518394
27/9/2023 20:00,1.0504,0.246637632
28/9/2023 00:00,1.0508,0.257836582
28/9/2023 04:00,1.0542,0.262900713
28/9/2023 08:00,1.0577,0.262011307
28/9/2023 12:00,1.0564,0.262468319
28/9/2023 16:00,1.0562,0.262287473
28/9/2023 20:00,1.0576,0.261459637
29/9/2023 00:00,1.0606,0.257990611
29/9/2023 04:00,1.0594,0.252847395
29/9/2023 08:00,1.0583,0.25077387
29/9/2023 12:00,1.0573,0.24920234
29/9/2023 16:00,1.0573,0.247329258
29/9/2023 20:00,1.057245455,0.245283341
30/9/2023 00:00,1.057190909,0.241699732
30/9/2023 04:00,1.057136364,0.236211023
30/9/2023 08:00,1.057081818,0.228187001
30/9/2023 12:00,1.057027273,0.226852854
30/9/2023 16:00,1.056972727,0.226082877
30/9/2023 20:00,1.056918182,0.226104235
1/10/2023 00:00,1.056863636,0.224637859
1/10/2023 04:00,1.056809091,0.22443332
1/10/2023 08:00,1.056754545,0.221717907
1/10/2023 12:00,1.0567,0.219283854
1/10/2023 16:00,1.0564,0.216621632
1/10/2023 20:00,1.0569,0.21429446
2/10/2023 00:00,1.0572,0.212031431
2/10/2023 04:00,1.0532,0.213374455
2/10/2023 08:00,1.0499,0.216194844
2/10/2023 12:00,1.0481,0.222812436
2/10/2023 16:00,1.048,0.227717932
2/10/2023 20:00,1.0468,0.233705293
3/10/2023 00:00,1.0482,0.236407869
3/10/2023 04:00,1.0474,0.239468918
3/10/2023 08:00,1.0453,0.245046194
3/10/2023 12:00,1.0471,0.246641234
3/10/2023 16:00,1.0468,0.247773861
3/10/2023 20:00,1.0459,0.249300413
4/10/2023 00:00,1.0485,0.246505177
4/10/2023 04:00,1.0498,0.241635439
4/10/2023 08:00,1.0518,0.234564478
4/10/2023 12:00,1.0515,0.226876395
4/10/2023 16:00,1.0507,0.220265099
4/10/2023 20:00,1.0525,0.211932116
5/10/2023 00:00,1.0509,0.205382321
5/10/2023 04:00,1.0524,0.198596994
5/10/2023 08:00,1.0526,0.196621433
5/10/2023 12:00,1.0549,0.194085465
5/10/2023 16:00,1.0546,0.191610461
5/10/2023 20:00,1.0542,0.189483369
6/10/2023 00:00,1.055,0.187486235
6/10/2023 04:00,1.0566,0.184553225
6/10/2023 08:00,1.0595,0.186583364
6/10/2023 12:00,1.059,0.188238487
6/10/2023 16:00,1.0586,0.189540512
6/10/2023 20:00,1.058409091,0.191014105
7/10/2023 00:00,1.058218182,0.192159661
7/10/2023 04:00,1.058027273,0.193746278
7/10/2023 08:00,1.057836364,0.194159305
7/10/2023 12:00,1.057645455,0.194090825
7/10/2023 16:00,1.057454545,0.193746908
7/10/2023 20:00,1.057263636,0.192993427
8/10/2023 00:00,1.057072727,0.192296271
8/10/2023 04:00,1.056881818,0.192789031
8/10/2023 08:00,1.056690909,0.192284451
8/10/2023 12:00,1.0565,0.192320272
8/10/2023 16:00,1.0567,0.192498799
8/10/2023 20:00,1.0552,0.191656237
9/10/2023 00:00,1.0523,0.188486042
9/10/2023 04:00,1.0528,0.186223916
9/10/2023 08:00,1.054,0.184613485
9/10/2023 12:00,1.0569,0.184383327
9/10/2023 16:00,1.0579,0.184788526
9/10/2023 20:00,1.057,0.184646568
10/10/2023 00:00,1.0572,0.184651964
10/10/2023 04:00,1.0576,0.184942667
10/10/2023 08:00,1.0617,0.189612647
10/10/2023 12:00,1.0605,0.192585505
10/10/2023 16:00,1.0604,0.195387397
10/10/2023 20:00,1.0605,0.198249398
11/10/2023 00:00,1.06,0.200528576
11/10/2023 04:00,1.0604,0.203183217
11/10/2023 08:00,1.0613,0.206784381
11/10/2023 12:00,1.0613,0.210281997
11/10/2023 16:00,1.0623,0.214952282
11/10/2023 20:00,1.0629,0.22005663
12/10/2023 00:00,1.062,0.223746058
12/10/2023 04:00,1.062,0.227340145
12/10/2023 08:00,1.0552,0.225003956
12/10/2023 12:00,1.0531,0.221075013
12/10/2023 16:00,1.0536,0.216697142
12/10/2023 20:00,1.0546,0.210156278
13/10/2023 00:00,1.0552,0.205220853
13/10/2023 04:00,1.0525,0.199802996
13/10/2023 08:00,1.0501,0.192418282
13/10/2023 12:00,1.0514,0.186817156
13/10/2023 16:00,1.051,0.180816727
13/10/2023 20:00,1.051009091,0.172664037
14/10/2023 00:00,1.051018182,0.16918766
14/10/2023 04:00,1.051027273,0.167636718
14/10/2023 08:00,1.051036364,0.16843511
14/10/2023 12:00,1.051045455,0.168922066
14/10/2023 16:00,1.051054545,0.168511545
14/10/2023 20:00,1.051063636,0.169882089
15/10/2023 00:00,1.051072727,0.169688208
15/10/2023 04:00,1.051081818,0.170943706
15/10/2023 08:00,1.051090909,0.172328172
15/10/2023 12:00,1.0511,0.174801397
15/10/2023 16:00,1.0522,0.176117246
15/10/2023 20:00,1.0524,0.177122238
16/10/2023 00:00,1.0534,0.17770081
16/10/2023 04:00,1.0537,0.178149012
16/10/2023 08:00,1.0545,0.176920679
16/10/2023 12:00,1.0563,0.175847265
16/10/2023 16:00,1.0554,0.17497487
16/10/2023 20:00,1.055,0.174215347
17/10/2023 00:00,1.0548,0.173551786
17/10/2023 04:00,1.0575,0.173303871
17/10/2023 08:00,1.0592,0.174161708
17/10/2023 12:00,1.0577,0.174185969
17/10/2023 16:00,1.0573,0.174126926
17/10/2023 20:00,1.0574,0.174177707
18/10/2023 00:00,1.0579,0.174511246
18/10/2023 04:00,1.0561,0.174361871
18/10/2023 08:00,1.0532,0.174816068
18/10/2023 12:00,1.0536,0.1750955
18/10/2023 16:00,1.0538,0.175221996
18/10/2023 20:00,1.0534,0.175647274
19/10/2023 00:00,1.0537,0.17493182
19/10/2023 04:00,1.0558,0.174198229
19/10/2023 08:00,1.057,0.174198229
19/10/2023 12:00,1.0587,0.175062904
19/10/2023 16:00,1.0586,0.175461579
19/10/2023 20:00,1.0576,0.175680818
20/10/2023 00:00,1.0571,0.175647555
20/10/2023 04:00,1.0591,0.176521059
20/10/2023 08:00,1.0591,0.173864951
20/10/2023 12:00,1.0592,0.172666246
20/10/2023 16:00,1.0594,0.171723522
20/10/2023 20:00,1.059463636,0.170718767
21/10/2023 00:00,1.059527273,0.170279676
21/10/2023 04:00,1.059590909,0.169482552
21/10/2023 08:00,1.059654545,0.167666891
21/10/2023 12:00,1.059718182,0.165881936
21/10/2023 16:00,1.059781818,0.162675164
21/10/2023 20:00,1.059845455,0.15842794
22/10/2023 00:00,1.059909091,0.155640987
22/10/2023 04:00,1.059972727,0.152857801
22/10/2023 08:00,1.060036364,0.155551076
22/10/2023 12:00,1.0601,0.157537292
22/10/2023 16:00,1.0589,0.158463865
22/10/2023 20:00,1.0576,0.158832365
23/10/2023 00:00,1.0598,0.160821216
23/10/2023 04:00,1.0602,0.161900215
23/10/2023 08:00,1.0645,0.166377817
23/10/2023 12:00,1.0666,0.175707395
23/10/2023 16:00,1.067,0.184184001
23/10/2023 20:00,1.0683,0.194176777
24/10/2023 00:00,1.0661,0.198680386
24/10/2023 04:00,1.0635,0.19880886
24/10/2023 08:00,1.0594,0.195400579
24/10/2023 12:00,1.0592,0.191651464
24/10/2023 16:00,1.0595,0.18771675
24/10/2023 20:00,1.0603,0.183797274
25/10/2023 00:00,1.0587,0.17902233
25/10/2023 04:00,1.0573,0.173960661
25/10/2023 08:00,1.0583,0.168526109
25/10/2023 12:00,1.0568,0.162998301
25/10/2023 16:00,1.0566,0.158975792
25/10/2023 20:00,1.0546,0.156428124
26/10/2023 00:00,1.0548,0.154976298
26/10/2023 04:00,1.0536,0.15509148
26/10/2023 08:00,1.0532,0.156515896
26/10/2023 12:00,1.0557,0.156861762
26/10/2023 16:00,1.0564,0.15626035
26/10/2023 20:00,1.0565,0.15529263
27/10/2023 00:00,1.0558,0.154531065
27/10/2023 04:00,1.0538,0.157004938
27/10/2023 08:00,1.0591,0.156987777
27/10/2023 12:00,1.057,0.15716436
27/10/2023 16:00,1.0565,0.15744846
27/10/2023 20:00,1.056536364,0.157737912
28/10/2023 00:00,1.056572727,0.158092484
28/10/2023 04:00,1.056609091,0.157851865
28/10/2023 08:00,1.056645455,0.155009813
28/10/2023 12:00,1.056681818,0.152545695
28/10/2023 16:00,1.056718182,0.150224321
28/10/2023 20:00,1.056754545,0.147312967
29/10/2023 00:00,1.056790909,0.144669342
29/10/2023 04:00,1.056827273,0.144053887
29/10/2023 08:00,1.056863636,0.144114286
29/10/2023 12:00,1.0569,0.144500886
29/10/2023 16:00,1.0562,0.145238801
29/10/2023 20:00,1.0561,0.145895727
30/10/2023 00:00,1.0552,0.147046106
30/10/2023 04:00,1.0585,0.147003439
30/10/2023 08:00,1.0619,0.148385034
30/10/2023 12:00,1.0617,0.1495494
30/10/2023 16:00,1.0614,0.150431231
30/10/2023 20:00,1.0594,0.15041871
31/10/2023 00:00,1.0621,0.151782736
31/10/2023 04:00,1.0655,0.157205188
31/10/2023 08:00,1.0567,0.157604699
31/10/2023 12:00,1.0581,0.157529787
31/10/2023 16:00,1.0578,0.15747919
31/10/2023 20:00,1.0571,0.157589456
1/11/2023 00:00,1.0565,0.157900182
1/11/2023 04:00,1.0543,0.159729647
1/11/2023 08:00,1.0537,0.16199293
1/11/2023 12:00,1.0567,0.161942283
1/11/2023 16:00,1.0587,0.161919589
1/11/2023 20:00,1.06,0.162181629
2/11/2023 00:00,1.0603,0.162376339
2/11/2023 04:00,1.0634,0.164860317
2/11/2023 08:00,1.0617,0.161858428
2/11/2023 12:00,1.0623,0.155698837
2/11/2023 16:00,1.0616,0.147693788
2/11/2023 20:00,1.0625,0.13671525
3/11/2023 00:00,1.0629,0.131012766
3/11/2023 04:00,1.0647,0.133051545
3/11/2023 08:00,1.0732,0.161306354
3/11/2023 12:00,1.0725,0.182669473
3/11/2023 16:00,1.0731,0.202756735
3/11/2023 20:00,1.073090909,0.220360005
4/11/2023 00:00,1.073081818,0.236288846
4/11/2023 04:00,1.073072727,0.250380863
4/11/2023 08:00,1.073063636,0.263389622
4/11/2023 12:00,1.073054545,0.274791064
4/11/2023 16:00,1.073045455,0.285057732
4/11/2023 20:00,1.073036364,0.293136134
5/11/2023 00:00,1.073027273,0.30043708
5/11/2023 04:00,1.073018182,0.30586846
5/11/2023 08:00,1.073009091,0.310053806
5/11/2023 12:00,1.073,0.315574196
5/11/2023 16:00,1.0724,0.320173441
5/11/2023 20:00,1.0736,0.325746838
6/11/2023 00:00,1.075,0.331995149
6/11/2023 04:00,1.0744,0.334865552
6/11/2023 08:00,1.0746,0.341164777
6/11/2023 12:00,1.072,0.342949863
6/11/2023 16:00,1.0713,0.343347427
6/11/2023 20:00,1.0707,0.342926319
7/11/2023 00:00,1.0704,0.341967219
7/11/2023 04:00,1.0679,0.33940716
7/11/2023 08:00,1.0686,0.336905287
7/11/2023 12:00,1.0696,0.334626502
7/11/2023 16:00,1.0691,0.331815122
7/11/2023 20:00,1.0692,0.328770233
8/11/2023 00:00,1.0673,0.324831031
8/11/2023 04:00,1.0668,0.32058376
8/11/2023 08:00,1.0714,0.317898576
8/11/2023 12:00,1.071,0.31457339
8/11/2023 16:00,1.0703,0.309636276
8/11/2023 20:00,1.071,0.304438008
9/11/2023 00:00,1.0701,0.297018796
9/11/2023 04:00,1.0691,0.29288795
9/11/2023 08:00,1.071,0.292182643
9/11/2023 12:00,1.0664,0.290310258
9/11/2023 16:00,1.0668,0.28812022
9/11/2023 20:00,1.0671,0.284004637
10/11/2023 00:00,1.0671,0.282119607
10/11/2023 04:00,1.0682,0.281874681
10/11/2023 08:00,1.0669,0.273908964
10/11/2023 12:00,1.0685,0.267465252
10/11/2023 16:00,1.0686,0.260179186
10/11/2023 20:00,1.068590909,0.251280536
11/11/2023 00:00,1.068581818,0.240639182
11/11/2023 04:00,1.068572727,0.224321696
11/11/2023 08:00,1.068563636,0.204487544
11/11/2023 12:00,1.068554545,0.190136894
11/11/2023 16:00,1.068545455,0.179008671
11/11/2023 20:00,1.068536364,0.169688948
12/11/2023 00:00,1.068527273,0.160205368
12/11/2023 04:00,1.068518182,0.155770432
12/11/2023 08:00,1.068509091,0.148047044
12/11/2023 12:00,1.0685,0.140951832
12/11/2023 16:00,1.0684,0.131764415
12/11/2023 20:00,1.0684,0.123849369
13/11/2023 00:00,1.0692,0.115807484
13/11/2023 04:00,1.0673,0.112214154
13/11/2023 08:00,1.0699,0.110774024
13/11/2023 12:00,1.0699,0.10989057
13/11/2023 16:00,1.07,0.108406741
13/11/2023 20:00,1.0697,0.106878419
14/11/2023 00:00,1.0698,0.10526127
14/11/2023 04:00,1.0721,0.104369417
14/11/2023 08:00,1.086,0.141257774
14/11/2023 12:00,1.0882,0.177567964
14/11/2023 16:00,1.087,0.203271305
14/11/2023 20:00,1.0878,0.227698823
15/11/2023 00:00,1.087,0.247269639
15/11/2023 04:00,1.0864,0.263658272
15/11/2023 08:00,1.0852,0.276412581
15/11/2023 12:00,1.0843,0.286780802
15/11/2023 16:00,1.0855,0.298507466
15/11/2023 20:00,1.0837,0.306640664
16/11/2023 00:00,1.0856,0.31679111
16/11/2023 04:00,1.0843,0.324719984
16/11/2023 08:00,1.085,0.333171491
16/11/2023 12:00,1.0846,0.340818486
16/11/2023 16:00,1.0853,0.348788649
16/11/2023 20:00,1.085,0.355723917
17/11/2023 00:00,1.0848,0.361851804
17/11/2023 04:00,1.0864,0.368227341
17/11/2023 08:00,1.0879,0.376260596
17/11/2023 12:00,1.0908,0.388174276
17/11/2023 16:00,1.0915,0.399830094
17/11/2023 20:00,1.091481818,0.410429327
18/11/2023 00:00,1.091463636,0.418749229
18/11/2023 04:00,1.091445455,0.425639453
18/11/2023 08:00,1.091427273,0.434452912
18/11/2023 12:00,1.091409091,0.442319903
18/11/2023 16:00,1.091390909,0.449078132
18/11/2023 20:00,1.091372727,0.455503364
19/11/2023 00:00,1.091354545,0.460733424
19/11/2023 04:00,1.091336364,0.464596545
19/11/2023 08:00,1.091318182,0.469042201
19/11/2023 12:00,1.0913,0.469171908
19/11/2023 16:00,1.0902,0.467898958
19/11/2023 20:00,1.0923,0.46811548
20/11/2023 00:00,1.0919,0.46711478
20/11/2023 04:00,1.093,0.467466089
20/11/2023 08:00,1.0944,0.467012771
20/11/2023 12:00,1.0942,0.467113191
20/11/2023 16:00,1.0946,0.46684108
20/11/2023 20:00,1.0959,0.466992063
21/11/2023 00:00,1.0946,0.464858358
21/11/2023 04:00,1.0949,0.46207478
21/11/2023 08:00,1.0924,0.456308373
21/11/2023 12:00,1.0912,0.448908272
21/11/2023 16:00,1.092,0.441135196
21/11/2023 20:00,1.0913,0.432013496
22/11/2023 00:00,1.0885,0.420757592
22/11/2023 04:00,1.0906,0.409345748
22/11/2023 08:00,1.087,0.395841088
22/11/2023 12:00,1.0887,0.381570016
22/11/2023 16:00,1.0892,0.365995757
22/11/2023 20:00,1.0903,0.349299389
23/11/2023 00:00,1.0918,0.333155752
23/11/2023 04:00,1.0903,0.310207895
23/11/2023 08:00,1.0906,0.29087818
23/11/2023 12:00,1.0906,0.269186047
23/11/2023 16:00,1.0907,0.244817576
23/11/2023 20:00,1.0903,0.215427695
24/11/2023 00:00,1.0919,0.180854491
24/11/2023 04:00,1.0917,0.146900078
24/11/2023 08:00,1.0933,0.146673945
24/11/2023 12:00,1.0945,0.148990032
24/11/2023 16:00,1.0939,0.149768724
24/11/2023 20:00,1.093881818,0.150875368
25/11/2023 00:00,1.093863636,0.151246277
25/11/2023 04:00,1.093845455,0.15086498
25/11/2023 08:00,1.093827273,0.148831711
25/11/2023 12:00,1.093809091,0.145080847
25/11/2023 16:00,1.093790909,0.142687273
25/11/2023 20:00,1.093772727,0.136852507
26/11/2023 00:00,1.093754545,0.13373785
26/11/2023 04:00,1.093736364,0.127851994
26/11/2023 08:00,1.093718182,0.122663603
26/11/2023 12:00,1.0937,0.115965938
26/11/2023 16:00,1.0929,0.109574446
26/11/2023 20:00,1.0948,0.103074055
27/11/2023 00:00,1.0943,0.094466981
27/11/2023 04:00,1.095,0.089569777
27/11/2023 08:00,1.0936,0.086000736
27/11/2023 12:00,1.0957,0.087947308
27/11/2023 16:00,1.0958,0.090194704
27/11/2023 20:00,1.0953,0.091640408
28/11/2023 00:00,1.0948,0.092459352
28/11/2023 04:00,1.0951,0.093468182
28/11/2023 08:00,1.1006,0.10488444
28/11/2023 12:00,1.0987,0.110486458
28/11/2023 16:00,1.1006,0.119500838
28/11/2023 20:00,1.1003,0.126825075
29/11/2023 00:00,1.0988,0.130745156
29/11/2023 04:00,1.0986,0.133994077
29/11/2023 08:00,1.0968,0.134871621
29/11/2023 12:00,1.0973,0.136063538
29/11/2023 16:00,1.0982,0.137168454
29/11/2023 20:00,1.0969,0.138164816
30/11/2023 00:00,1.0924,0.137937728
30/11/2023 04:00,1.0926,0.138049627
30/11/2023 08:00,1.0907,0.139293392
30/11/2023 12:00,1.0884,0.142994805
30/11/2023 16:00,1.0902,0.144406016
30/11/2023 20:00,1.0906,0.144828854
1/12/2023 00:00,1.0893,0.146882389
1/12/2023 04:00,1.0877,0.150598732
1/12/2023 08:00,1.0877,0.154282839
1/12/2023 12:00,1.088,0.15703248
1/12/2023 16:00,1.0884,0.159520246
1/12/2023 20:00,1.088336364,0.161762117
2/12/2023 00:00,1.088272727,0.162005949
2/12/2023 04:00,1.088209091,0.163987295
2/12/2023 08:00,1.088145455,0.162565374
2/12/2023 12:00,1.088081818,0.163219933
2/12/2023 16:00,1.088018182,0.164401835
2/12/2023 20:00,1.087954545,0.166436463
3/12/2023 00:00,1.087890909,0.169113696
3/12/2023 04:00,1.087827273,0.171176671
3/12/2023 08:00,1.087763636,0.173414243
3/12/2023 12:00,1.0877,0.175662757
3/12/2023 16:00,1.0872,0.178445542
3/12/2023 20:00,1.0872,0.180966766
4/12/2023 00:00,1.0863,0.18496015
4/12/2023 04:00,1.0869,0.188044245
4/12/2023 08:00,1.0823,0.197773413
4/12/2023 12:00,1.0834,0.204457168
4/12/2023 16:00,1.0843,0.209518512
4/12/2023 20:00,1.0844,0.214071853
5/12/2023 00:00,1.0834,0.219594109
5/12/2023 04:00,1.0814,0.227653021
5/12/2023 08:00,1.0787,0.239739728
5/12/2023 12:00,1.0795,0.249284979
5/12/2023 16:00,1.0795,0.257995592
5/12/2023 20:00,1.0794,0.266108873
6/12/2023 00:00,1.0787,0.274581704
6/12/2023 04:00,1.0777,0.283853286
6/12/2023 08:00,1.0789,0.290558205
6/12/2023 12:00,1.0762,0.300646409
6/12/2023 16:00,1.0768,0.309289801
6/12/2023 20:00,1.0761,0.317092941
7/12/2023 00:00,1.078,0.321882581
7/12/2023 04:00,1.0769,0.326940929
7/12/2023 08:00,1.0794,0.329547628
7/12/2023 12:00,1.0795,0.330039927
7/12/2023 16:00,1.0796,0.32985768
7/12/2023 20:00,1.0783,0.3308573
8/12/2023 00:00,1.0789,0.331212385
8/12/2023 04:00,1.0778,0.331837057
8/12/2023 08:00,1.0744,0.32862709
8/12/2023 12:00,1.0764,0.32471435
8/12/2023 16:00,1.0763,0.3167486
8/12/2023 20:00,1.0762,0.30805553
9/12/2023 00:00,1.0761,0.300787617
9/12/2023 04:00,1.076,0.292721667
9/12/2023 08:00,1.0759,0.286653797
9/12/2023 12:00,1.0758,0.278694677
9/12/2023 16:00,1.0757,0.267733385
9/12/2023 20:00,1.0756,0.25795498
10/12/2023 00:00,1.0755,0.254849882
10/12/2023 04:00,1.0754,0.250801108
10/12/2023 08:00,1.0753,0.248798811
10/12/2023 12:00,1.0752,0.248969427
10/12/2023 16:00,1.0773,0.244934773
10/12/2023 20:00,1.0764,0.240468226
11/12/2023 00:00,1.0765,0.2371223
11/12/2023 04:00,1.0761,0.235509798
11/12/2023 08:00,1.0746,0.234805029
11/12/2023 12:00,1.0764,0.231858639
11/12/2023 16:00,1.0765,0.227934279
11/12/2023 20:00,1.0765,0.22363685
12/12/2023 00:00,1.0785,0.218124097
12/12/2023 04:00,1.0798,0.212137024
12/12/2023 08:00,1.079,0.20589899
12/12/2023 12:00,1.0797,0.199287586
12/12/2023 16:00,1.0794,0.192319618
12/12/2023 20:00,1.0787,0.184977398
13/12/2023 00:00,1.0789,0.177139387
13/12/2023 04:00,1.0782,0.168822975
13/12/2023 08:00,1.0792,0.159837075
13/12/2023 12:00,1.0881,0.160683087
13/12/2023 16:00,1.0893,0.165208905
13/12/2023 20:00,1.0899,0.171004189
14/12/2023 00:00,1.0902,0.178757041
14/12/2023 04:00,1.0924,0.190572402
14/12/2023 08:00,1.0996,0.226868749
14/12/2023 12:00,1.0993,0.256008707
14/12/2023 16:00,1.0983,0.278602068
14/12/2023 20:00,1.0997,0.302314235
15/12/2023 00:00,1.0956,0.316007333
15/12/2023 04:00,1.0944,0.327316002
15/12/2023 08:00,1.0906,0.332777508
15/12/2023 12:00,1.0894,0.336837601
15/12/2023 16:00,1.0895,0.340763465
15/12/2023 20:00,1.089554545,0.344495683
16/12/2023 00:00,1.089609091,0.347881206
16/12/2023 04:00,1.089663636,0.350717614
16/12/2023 08:00,1.089718182,0.353759719
16/12/2023 12:00,1.089772727,0.355383067
16/12/2023 16:00,1.089827273,0.357077274
16/12/2023 20:00,1.089881818,0.35808153
17/12/2023 00:00,1.089936364,0.359889546
17/12/2023 04:00,1.089990909,0.36087873
17/12/2023 08:00,1.090045455,0.362858563
17/12/2023 12:00,1.0901,0.364711647
17/12/2023 16:00,1.0901,0.366404187
17/12/2023 20:00,1.0912,0.368089398
18/12/2023 00:00,1.0918,0.37026515
18/12/2023 04:00,1.0914,0.371227357
18/12/2023 08:00,1.0919,0.369469012
18/12/2023 12:00,1.0919,0.369036634
18/12/2023 16:00,1.0921,0.368259755
18/12/2023 20:00,1.0923,0.367115258
19/12/2023 00:00,1.0941,0.366863411
19/12/2023 04:00,1.0968,0.36862347
19/12/2023 08:00,1.0977,0.370557452
19/12/2023 12:00,1.0978,0.371697966
19/12/2023 16:00,1.0973,0.371385065
19/12/2023 20:00,1.0969,0.369779627
20/12/2023 00:00,1.0961,0.36655699
20/12/2023 04:00,1.0937,0.360717965
20/12/2023 08:00,1.0956,0.355356616
20/12/2023 12:00,1.0932,0.347530346
20/12/2023 16:00,1.095,0.342840235
20/12/2023 20:00,1.095,0.336300178
21/12/2023 00:00,1.094,0.328547442
21/12/2023 04:00,1.098,0.322313053
21/12/2023 08:00,1.099,0.31338959
21/12/2023 12:00,1.1003,0.307721604
21/12/2023 16:00,1.1005,0.301186764
21/12/2023 20:00,1.1001,0.29284007
22/12/2023 00:00,1.1007,0.287410422
22/12/2023 04:00,1.1019,0.284453019
22/12/2023 08:00,1.1007,0.27758594
22/12/2023 12:00,1.1012,0.271317204
22/12/2023 16:00,1.1014,0.263473663
22/12/2023 20:00,1.101407143,0.252738755
23/12/2023 00:00,1.101414286,0.240677587
23/12/2023 04:00,1.101421429,0.224796283
23/12/2023 08:00,1.101428571,0.208957131
23/12/2023 12:00,1.101435714,0.208942606
23/12/2023 16:00,1.101442857,0.209771732
23/12/2023 20:00,1.10145,0.210773331
24/12/2023 00:00,1.101457143,0.211672959
24/12/2023 04:00,1.101464286,0.213869359
24/12/2023 08:00,1.101471429,0.215455464
24/12/2023 12:00,1.101478571,0.217220235
24/12/2023 16:00,1.101485714,0.219483994
24/12/2023 20:00,1.101492857,0.220947292
25/12/2023 00:00,1.1015,0.223638493
25/12/2023 04:00,1.1009,0.225495387
25/12/2023 08:00,1.1009,0.224966343
25/12/2023 12:00,1.1009,0.222882134
25/12/2023 16:00,1.1019,0.221343495
25/12/2023 20:00,1.1023,0.219788925
26/12/2023 00:00,1.1015,0.21715691
26/12/2023 04:00,1.1013,0.214008181
26/12/2023 08:00,1.1034,0.21232787
26/12/2023 12:00,1.1042,0.211031891
26/12/2023 16:00,1.1037,0.208649523
26/12/2023 20:00,1.1042,0.206270931
27/12/2023 00:00,1.1047,0.203883162
27/12/2023 04:00,1.1069,0.203790087
27/12/2023 08:00,1.1112,0.210722795
27/12/2023 12:00,1.1106,0.215047791
27/12/2023 16:00,1.1115,0.219836404
27/12/2023 20:00,1.1111,0.224216826
28/12/2023 00:00,1.1121,0.230126459
28/12/2023 04:00,1.1113,0.232828233
28/12/2023 08:00,1.1072,0.229767239
28/12/2023 12:00,1.1066,0.225460203
28/12/2023 16:00,1.1076,0.221733484
28/12/2023 20:00,1.1067,0.216741611
29/12/2023 00:00,1.1061,0.213287219
29/12/2023 04:00,1.1052,0.211912291
29/12/2023 08:00,1.1061,0.211650965
29/12/2023 12:00,1.1041,0.210265338
29/12/2023 16:00,1.1039,0.208266405
29/12/2023 20:00,1.103941176,0.205740497
30/12/2023 00:00,1.103982353,0.202147689
30/12/2023 04:00,1.104023529,0.194741376
30/12/2023 08:00,1.104064706,0.189803902
30/12/2023 12:00,1.104105882,0.180260087
30/12/2023 16:00,1.104147059,0.173329504
30/12/2023 20:00,1.104188235,0.16580508
31/12/2023 00:00,1.104229412,0.155445887
31/12/2023 04:00,1.104270588,0.151657618
31/12/2023 08:00,1.104311765,0.148935414
31/12/2023 12:00,1.104352941,0.147430285
31/12/2023 16:00,1.104394118,0.146023342
31/12/2023 20:00,1.104435294,0.144164334
1/1/2024 00:00,1.104476471,0.142773799
1/1/2024 04:00,1.104517647,0.142190143
1/1/2024 08:00,1.104558824,0.140681943
1/1/2024 12:00,1.1046,0.139529706
1/1/2024 16:00,1.1038,0.138486707
1/1/2024 20:00,1.1021,0.138021715
2/1/2024 00:00,1.103,0.137138214
2/1/2024 04:00,1.0954,0.146323488
2/1/2024 08:00,1.0957,0.154209771
2/1/2024 12:00,1.0943,0.164453815
2/1/2024 16:00,1.0949,0.172729343
2/1/2024 20:00,1.0962,0.178273369
3/1/2024 00:00,1.0953,0.184997869
3/1/2024 04:00,1.0917,0.198252755
3/1/2024 08:00,1.0908,0.212308272
3/1/2024 12:00,1.0921,0.222654342
3/1/2024 16:00,1.0922,0.232134457
3/1/2024 20:00,1.0926,0.240376882
4/1/2024 00:00,1.0953,0.244571961
4/1/2024 04:00,1.0953,0.24846892
4/1/2024 08:00,1.0956,0.251913629
4/1/2024 12:00,1.0949,0.255979995
4/1/2024 16:00,1.0951,0.25982624
4/1/2024 20:00,1.0937,0.265058548
5/1/2024 00:00,1.0908,0.273888274
5/1/2024 04:00,1.0919,0.280650071
5/1/2024 08:00,1.0956,0.28304355
5/1/2024 12:00,1.094,0.286473872
5/1/2024 16:00,1.0943,0.28952286
5/1/2024 20:00,1.094363636,0.29212732
6/1/2024 00:00,1.094427273,0.294240961
6/1/2024 04:00,1.094490909,0.29471696
6/1/2024 08:00,1.094554545,0.290239284
6/1/2024 12:00,1.094618182,0.285866437
6/1/2024 16:00,1.094681818,0.279509798
6/1/2024 20:00,1.094745455,0.272945914
7/1/2024 00:00,1.094809091,0.26386178
7/1/2024 04:00,1.094872727,0.255140175
7/1/2024 08:00,1.094936364,0.251668405
7/1/2024 12:00,1.095,0.248460001
7/1/2024 16:00,1.0949,0.243639919
7/1/2024 20:00,1.0935,0.240438108
8/1/2024 00:00,1.0934,0.237583167
8/1/2024 04:00,1.0945,0.234652138
8/1/2024 08:00,1.0975,0.229350171
8/1/2024 12:00,1.0955,0.226554072
8/1/2024 16:00,1.0955,0.223731216
8/1/2024 20:00,1.0956,0.220597754
9/1/2024 00:00,1.095,0.217380109
9/1/2024 04:00,1.0941,0.214236952
9/1/2024 08:00,1.0934,0.211102992
9/1/2024 12:00,1.0928,0.207923494
9/1/2024 16:00,1.0931,0.204053231
9/1/2024 20:00,1.0932,0.19961057
10/1/2024 00:00,1.0942,0.194137862
10/1/2024 04:00,1.0944,0.18803958
10/1/2024 08:00,1.096,0.181098018
10/1/2024 12:00,1.0966,0.173622605
10/1/2024 16:00,1.0978,0.165913069
10/1/2024 20:00,1.0978,0.157571227
11/1/2024 00:00,1.0974,0.148273538
11/1/2024 04:00,1.0984,0.138709508
11/1/2024 08:00,1.0942,0.126831737
11/1/2024 12:00,1.0971,0.113582771
11/1/2024 16:00,1.0975,0.1013173
11/1/2024 20:00,1.0976,0.092841979
12/1/2024 00:00,1.0975,0.080068988
12/1/2024 04:00,1.0938,0.080203623
12/1/2024 08:00,1.0958,0.080249003
12/1/2024 12:00,1.0952,0.080237555
12/1/2024 16:00,1.0951,0.08025729
12/1/2024 20:00,1.095109091,0.079814442
13/1/2024 00:00,1.095118182,0.07977719
13/1/2024 04:00,1.095127273,0.077542016
13/1/2024 08:00,1.095136364,0.073509377
13/1/2024 12:00,1.095145455,0.071483597
13/1/2024 16:00,1.095154545,0.069469028
13/1/2024 20:00,1.095163636,0.06789502
14/1/2024 00:00,1.095172727,0.067881228
14/1/2024 04:00,1.095181818,0.067867994
14/1/2024 08:00,1.095190909,0.067786568
14/1/2024 12:00,1.0952,0.067789716
14/1/2024 16:00,1.0953,0.067807783
14/1/2024 20:00,1.0963,0.067724708
15/1/2024 00:00,1.0958,0.062533656
15/1/2024 04:00,1.0954,0.059242464
15/1/2024 08:00,1.0947,0.059278637
15/1/2024 12:00,1.0952,0.058813444
15/1/2024 16:00,1.092,0.061727875
15/1/2024 20:00,1.0917,0.065056692
16/1/2024 00:00,1.0901,0.071736126
16/1/2024 04:00,1.0886,0.081650294
16/1/2024 08:00,1.0881,0.091587213
16/1/2024 12:00,1.0872,0.102631865
16/1/2024 16:00,1.0878,0.110873268
16/1/2024 20:00,1.087,0.120062061
17/1/2024 00:00,1.0867,0.128950182
17/1/2024 04:00,1.0875,0.135401106
17/1/2024 08:00,1.0858,0.144597114
17/1/2024 12:00,1.0881,0.148926494
17/1/2024 16:00,1.0894,0.151343526
17/1/2024 20:00,1.0895,0.153630071
18/1/2024 00:00,1.0879,0.157720545
18/1/2024 04:00,1.0877,0.161775951
18/1/2024 08:00,1.0862,0.166038835
18/1/2024 12:00,1.0869,0.170122139
18/1/2024 16:00,1.088,0.17250417
18/1/2024 20:00,1.0887,0.173902788
19/1/2024 00:00,1.0877,0.176420447
19/1/2024 04:00,1.0883,0.178444723
19/1/2024 08:00,1.0887,0.180128935
19/1/2024 12:00,1.0895,0.18118948
19/1/2024 16:00,1.0898,0.18200509
19/1/2024 20:00,1.089754545,0.182794368
20/1/2024 00:00,1.089709091,0.183324594
20/1/2024 04:00,1.089663636,0.183734687
20/1/2024 08:00,1.089618182,0.183164176
20/1/2024 12:00,1.089572727,0.181977146
20/1/2024 16:00,1.089527273,0.179367213
20/1/2024 20:00,1.089481818,0.176502092
21/1/2024 00:00,1.089436364,0.173862877
21/1/2024 04:00,1.089390909,0.169612554
21/1/2024 08:00,1.089345455,0.169425889
21/1/2024 12:00,1.0893,0.16648099
21/1/2024 16:00,1.0901,0.162413788
21/1/2024 20:00,1.0903,0.157832053
22/1/2024 00:00,1.0892,0.153402339
22/1/2024 04:00,1.0893,0.152808669
22/1/2024 08:00,1.0894,0.150166289
22/1/2024 12:00,1.0884,0.148484426
22/1/2024 16:00,1.0883,0.146760364
22/1/2024 20:00,1.0898,0.144236005
23/1/2024 00:00,1.0895,0.141595782
23/1/2024 04:00,1.0865,0.140613894
23/1/2024 08:00,1.0828,0.144589582
23/1/2024 12:00,1.085,0.144449423
23/1/2024 16:00,1.0856,0.143160835
23/1/2024 20:00,1.0864,0.140686127
24/1/2024 00:00,1.0871,0.137291534
24/1/2024 04:00,1.0895,0.132771945
24/1/2024 08:00,1.09,0.127985406
24/1/2024 12:00,1.088,0.122987605
24/1/2024 16:00,1.0874,0.117569176
24/1/2024 20:00,1.0876,0.109133928
25/1/2024 00:00,1.0899,0.100825985
25/1/2024 04:00,1.0888,0.092363552
25/1/2024 08:00,1.0836,0.089949176
25/1/2024 12:00,1.084,0.08436853
25/1/2024 16:00,1.084,0.085313548
25/1/2024 20:00,1.0839,0.086454113
26/1/2024 00:00,1.0841,0.088800835
26/1/2024 04:00,1.0867,0.089044716
26/1/2024 08:00,1.0865,0.089462811
26/1/2024 12:00,1.0854,0.090649865
26/1/2024 16:00,1.0853,0.091985316
26/1/2024 20:00,1.085245455,0.09318534
27/1/2024 00:00,1.085190909,0.094294451
27/1/2024 04:00,1.085136364,0.095635041
27/1/2024 08:00,1.085081818,0.096274757
27/1/2024 12:00,1.085027273,0.097625695
27/1/2024 16:00,1.084972727,0.098402158
27/1/2024 20:00,1.084918182,0.099031508
28/1/2024 00:00,1.084863636,0.100308273
28/1/2024 04:00,1.084809091,0.101591246
28/1/2024 08:00,1.084754545,0.10261494
28/1/2024 12:00,1.0847,0.103876487
28/1/2024 16:00,1.0845,0.105240147
28/1/2024 20:00,1.0845,0.106247586
29/1/2024 00:00,1.0834,0.10871639
29/1/2024 04:00,1.0822,0.112555408
29/1/2024 08:00,1.0806,0.118685873
29/1/2024 12:00,1.0831,0.119854381
29/1/2024 16:00,1.084,0.119647635
29/1/2024 20:00,1.0825,0.120876764
30/1/2024 00:00,1.0822,0.122249354
30/1/2024 04:00,1.0848,0.121089414
30/1/2024 08:00,1.0843,0.120117378
30/1/2024 12:00,1.0845,0.118923653
30/1/2024 16:00,1.0843,0.117741708
30/1/2024 20:00,1.0821,0.118430435
31/1/2024 00:00,1.082,0.119002551
31/1/2024 04:00,1.0837,0.117770291
31/1/2024 08:00,1.0854,0.11576586
31/1/2024 12:00,1.0808,0.117445692
31/1/2024 16:00,1.0808,0.117658595
31/1/2024 20:00,1.0808,0.11710534
1/2/2024 00:00,1.0791,0.120427662
1/2/2024 04:00,1.0815,0.119591321
1/2/2024 08:00,1.0865,0.116872878
1/2/2024 12:00,1.0872,0.115773902
1/2/2024 16:00,1.0873,0.114844131
1/2/2024 20:00,1.0873,0.111841456
2/2/2024 00:00,1.0879,0.109777099
2/2/2024 04:00,1.0881,0.111095543
2/2/2024 08:00,1.0786,0.116742881
2/2/2024 12:00,1.0793,0.121353321
2/2/2024 16:00,1.0788,0.126326457
2/2/2024 20:00,1.078772727,0.130587611
3/2/2024 00:00,1.078745455,0.134018804
3/2/2024 04:00,1.078718182,0.134370803
3/2/2024 08:00,1.078690909,0.133422677
3/2/2024 12:00,1.078663636,0.134815839
3/2/2024 16:00,1.078636364,0.136499099
3/2/2024 20:00,1.078609091,0.137637724
4/2/2024 00:00,1.078581818,0.135055794
4/2/2024 04:00,1.078554545,0.133771245
4/2/2024 08:00,1.078527273,0.136601451
4/2/2024 12:00,1.0785,0.139203278
4/2/2024 16:00,1.0773,0.143176748
4/2/2024 20:00,1.0779,0.146102314
5/2/2024 00:00,1.0767,0.150342927
5/2/2024 04:00,1.075,0.155117633
5/2/2024 08:00,1.0736,0.161985681
5/2/2024 12:00,1.0743,0.167670365
5/2/2024 16:00,1.0744,0.172641898
5/2/2024 20:00,1.0749,0.176363236
6/2/2024 00:00,1.0746,0.180099347
6/2/2024 04:00,1.0737,0.184724757
6/2/2024 08:00,1.075,0.187111043
6/2/2024 12:00,1.0756,0.188508866
6/2/2024 16:00,1.0759,0.189352579
6/2/2024 20:00,1.0759,0.189970044
7/2/2024 00:00,1.0763,0.190021249
7/2/2024 04:00,1.0774,0.189114201
7/2/2024 08:00,1.0768,0.188447941
7/2/2024 12:00,1.0773,0.187312467
7/2/2024 16:00,1.0778,0.185920957
7/2/2024 20:00,1.078,0.184286228
8/2/2024 00:00,1.0777,0.183531731
8/2/2024 04:00,1.0757,0.184635961
8/2/2024 08:00,1.0773,0.185140027
8/2/2024 12:00,1.0778,0.184276425
8/2/2024 16:00,1.0773,0.182771124
8/2/2024 20:00,1.0771,0.182374061
9/2/2024 00:00,1.0773,0.181977203
9/2/2024 04:00,1.0767,0.179472036
9/2/2024 08:00,1.0782,0.176771854
9/2/2024 12:00,1.0786,0.173616541
9/2/2024 16:00,1.0784,0.170533423
9/2/2024 20:00,1.078418182,0.169398531
10/2/2024 00:00,1.078436364,0.168277474
10/2/2024 04:00,1.078454545,0.165520323
10/2/2024 08:00,1.078472727,0.160273522
10/2/2024 12:00,1.078490909,0.159678818
10/2/2024 16:00,1.078509091,0.159061248
10/2/2024 20:00,1.078527273,0.158421111
11/2/2024 00:00,1.078545455,0.158370794
11/2/2024 04:00,1.078563636,0.157248198
11/2/2024 08:00,1.078581818,0.14914249
11/2/2024 12:00,1.0786,0.138668592
11/2/2024 16:00,1.0799,0.12719004
11/2/2024 20:00,1.079,0.113803099
12/2/2024 00:00,1.0775,0.095581608
12/2/2024 04:00,1.077,0.070990905
12/2/2024 08:00,1.0773,0.070667867
12/2/2024 12:00,1.0774,0.069763057
12/2/2024 16:00,1.0773,0.069259098
12/2/2024 20:00,1.0764,0.069007106
13/2/2024 00:00,1.0768,0.068566028
13/2/2024 04:00,1.0786,0.068481287
13/2/2024 08:00,1.0719,0.075425892
13/2/2024 12:00,1.0707,0.084564281
13/2/2024 16:00,1.0708,0.092152332
13/2/2024 20:00,1.0714,0.097495088
14/2/2024 00:00,1.0702,0.104806231
14/2/2024 04:00,1.0706,0.110442562
14/2/2024 08:00,1.0734,0.111401835
14/2/2024 12:00,1.0727,0.112997632
14/2/2024 16:00,1.0734,0.114272619
14/2/2024 20:00,1.0726,0.116022402
15/2/2024 00:00,1.0731,0.11751012
15/2/2024 04:00,1.0745,0.117733521
15/2/2024 08:00,1.076,0.11668338
15/2/2024 12:00,1.0771,0.116214811
15/2/2024 16:00,1.0765,0.11566631
15/2/2024 20:00,1.076,0.115368522
16/2/2024 00:00,1.077,0.114964999
16/2/2024 04:00,1.0768,0.113841005
16/2/2024 08:00,1.0768,0.113542271
16/2/2024 12:00,1.0777,0.113685777
16/2/2024 16:00,1.0777,0.113877599
16/2/2024 20:00,1.077709091,0.114055034
17/2/2024 00:00,1.077718182,0.1142758
17/2/2024 04:00,1.077727273,0.114384049
17/2/2024 08:00,1.077736364,0.114600436
17/2/2024 12:00,1.077745455,0.114738262
17/2/2024 16:00,1.077754545,0.114720511
17/2/2024 20:00,1.077763636,0.11461998
18/2/2024 00:00,1.077772727,0.114647529
18/2/2024 04:00,1.077781818,0.114752924
18/2/2024 08:00,1.077790909,0.114902019
18/2/2024 12:00,1.0778,0.114902019
18/2/2024 16:00,1.0787,0.115523709
18/2/2024 20:00,1.0777,0.115670453
19/2/2024 00:00,1.0778,0.115815169
19/2/2024 04:00,1.0771,0.115846573
19/2/2024 08:00,1.077,0.115480083
19/2/2024 12:00,1.0779,0.11511557
19/2/2024 16:00,1.077,0.114624727
19/2/2024 20:00,1.0769,0.114098257
20/2/2024 00:00,1.0775,0.113671615
20/2/2024 04:00,1.0798,0.114788068
20/2/2024 08:00,1.0813,0.117746794
20/2/2024 12:00,1.0811,0.120303106
20/2/2024 16:00,1.081,0.122631069
20/2/2024 20:00,1.0815,0.125540608
21/2/2024 00:00,1.0799,0.126516009
21/2/2024 04:00,1.0803,0.12784792
21/2/2024 08:00,1.0817,0.130798598
21/2/2024 12:00,1.0817,0.133630733
21/2/2024 16:00,1.083,0.137453113
21/2/2024 20:00,1.0831,0.14185833
22/2/2024 00:00,1.0871,0.154318728
22/2/2024 04:00,1.0844,0.160319129
22/2/2024 08:00,1.0814,0.162197961
22/2/2024 12:00,1.0822,0.164777165
22/2/2024 16:00,1.0822,0.167226873
22/2/2024 20:00,1.0825,0.16970549
23/2/2024 00:00,1.0825,0.172114315
23/2/2024 04:00,1.0836,0.175643751
23/2/2024 08:00,1.0827,0.17421144
23/2/2024 12:00,1.0822,0.170093282
23/2/2024 16:00,1.0821,0.165466295
23/2/2024 20:00,1.082118182,0.161264847
24/2/2024 00:00,1.082136364,0.154229307
24/2/2024 04:00,1.082154545,0.147137511
24/2/2024 08:00,1.082172727,0.144340342
24/2/2024 12:00,1.082190909,0.140016582
24/2/2024 16:00,1.082209091,0.136376613
24/2/2024 20:00,1.082227273,0.130804769
25/2/2024 00:00,1.082245455,0.125560316
25/2/2024 04:00,1.082263636,0.122276388
25/2/2024 08:00,1.082281818,0.120798982
25/2/2024 12:00,1.0823,0.120307981
25/2/2024 16:00,1.0817,0.118703622
25/2/2024 20:00,1.0821,0.116513673
26/2/2024 00:00,1.0832,0.116137782
26/2/2024 04:00,1.0849,0.117273472
26/2/2024 08:00,1.0854,0.118765625
26/2/2024 12:00,1.0851,0.120415507
26/2/2024 16:00,1.0848,0.121390959
26/2/2024 20:00,1.0853,0.122728961
27/2/2024 00:00,1.0857,0.124298665
27/2/2024 04:00,1.0857,0.125544712
27/2/2024 08:00,1.0856,0.126352505
27/2/2024 12:00,1.0844,0.125631277
27/2/2024 16:00,1.0845,0.124781381
27/2/2024 20:00,1.0832,0.122871512
28/2/2024 00:00,1.0809,0.120593644
28/2/2024 04:00,1.0809,0.118232237
28/2/2024 08:00,1.0842,0.116486646
28/2/2024 12:00,1.0838,0.114247307
28/2/2024 16:00,1.0836,0.112804068
28/2/2024 20:00,1.0836,0.109871619
29/2/2024 00:00,1.0838,0.106912873
29/2/2024 04:00,1.0829,0.102095698
29/2/2024 08:00,1.0806,0.097246913
29/2/2024 12:00,1.0808,0.093728778
29/2/2024 16:00,1.0811,0.087898349
29/2/2024 20:00,1.0813,0.08113486
1/3/2024 00:00,1.0811,0.075386402
1/3/2024 04:00,1.0813,0.073774478
1/3/2024 08:00,1.0831,0.073286836
1/3/2024 12:00,1.0837,0.072793549
1/3/2024 16:00,1.0837,0.072147035
1/3/2024 20:00,1.083718182,0.071861857
2/3/2024 00:00,1.083736364,0.069666904
2/3/2024 04:00,1.083754545,0.067910139
2/3/2024 08:00,1.083772727,0.067592867
2/3/2024 12:00,1.083790909,0.067241747
2/3/2024 16:00,1.083809091,0.067388941
2/3/2024 20:00,1.083827273,0.067539479
3/3/2024 00:00,1.083845455,0.063088692
3/3/2024 04:00,1.083863636,0.062741539
3/3/2024 08:00,1.083881818,0.062136519
3/3/2024 12:00,1.0839,0.062100118
3/3/2024 16:00,1.0846,0.062500497
3/3/2024 20:00,1.0844,0.062831557
4/3/2024 00:00,1.0845,0.063198727
4/3/2024 04:00,1.0843,0.063501896
4/3/2024 08:00,1.0861,0.065757285
4/3/2024 12:00,1.0856,0.066895769
4/3/2024 16:00,1.0853,0.067502637
4/3/2024 20:00,1.0851,0.067831259
5/3/2024 00:00,1.0847,0.067780439
5/3/2024 04:00,1.0847,0.067683214
5/3/2024 08:00,1.0862,0.069070634
5/3/2024 12:00,1.0858,0.06980391
5/3/2024 16:00,1.085,0.069708617
5/3/2024 20:00,1.0852,0.0697037
6/3/2024 00:00,1.0873,0.072316997
6/3/2024 04:00,1.0869,0.074004588
6/3/2024 08:00,1.0912,0.085477052
6/3/2024 12:00,1.0899,0.091794718
6/3/2024 16:00,1.0903,0.097691051
6/3/2024 20:00,1.0903,0.103176408
7/3/2024 00:00,1.0898,0.107790401
7/3/2024 04:00,1.0895,0.111822949
7/3/2024 08:00,1.094,0.125243501
7/3/2024 12:00,1.0947,0.138823242
7/3/2024 16:00,1.0951,0.151758872
7/3/2024 20:00,1.0946,0.162209474
8/3/2024 00:00,1.0936,0.169820877
8/3/2024 04:00,1.0932,0.176225927
8/3/2024 08:00,1.094,0.183503759
8/3/2024 12:00,1.0936,0.18945834
8/3/2024 16:00,1.0939,0.195435353
8/3/2024 20:00,1.093927273,0.20044943
9/3/2024 00:00,1.093954545,0.203229576
9/3/2024 04:00,1.093981818,0.205496018
9/3/2024 08:00,1.094009091,0.209751682
9/3/2024 12:00,1.094036364,0.213474437
9/3/2024 16:00,1.094063636,0.21675055
9/3/2024 20:00,1.094090909,0.219701075
10/3/2024 00:00,1.094118182,0.222461988
10/3/2024 04:00,1.094145455,0.224288901
10/3/2024 08:00,1.094172727,0.223466332
10/3/2024 12:00,1.0942,0.22240284
10/3/2024 16:00,1.0943,0.22130226
10/3/2024 20:00,1.0941,0.21976185
11/3/2024 00:00,1.0942,0.217580794
11/3/2024 04:00,1.0943,0.215243285
11/3/2024 08:00,1.0927,0.213353215
11/3/2024 12:00,1.0926,0.211735456
11/3/2024 16:00,1.0931,0.210175205
11/3/2024 20:00,1.0936,0.208695426
12/3/2024 00:00,1.0932,0.20667073
12/3/2024 04:00,1.0933,0.204436177
12/3/2024 08:00,1.0918,0.201228294
12/3/2024 12:00,1.0926,0.198092242
12/3/2024 16:00,1.0927,0.194726122
12/3/2024 20:00,1.0928,0.191112589
13/3/2024 00:00,1.0927,0.18714593
13/3/2024 04:00,1.0942,0.183662315
13/3/2024 08:00,1.0943,0.179838271
13/3/2024 12:00,1.0947,0.175859866
13/3/2024 16:00,1.0953,0.172912363
13/3/2024 20:00,1.0942,0.168404184
14/3/2024 00:00,1.0935,0.163222998
14/3/2024 04:00,1.0942,0.157542647
14/3/2024 08:00,1.0888,0.154728537
14/3/2024 12:00,1.0891,0.15087204
14/3/2024 16:00,1.0883,0.147029362
14/3/2024 20:00,1.0877,0.143315429
15/3/2024 00:00,1.0881,0.138262718
15/3/2024 04:00,1.0894,0.131731178
15/3/2024 08:00,1.0888,0.128267998
15/3/2024 12:00,1.0889,0.123829096
15/3/2024 16:00,1.0889,0.11744415
15/3/2024 20:00,1.088872727,0.111124825
16/3/2024 00:00,1.088845455,0.108879968
16/3/2024 04:00,1.088818182,0.105864648
16/3/2024 08:00,1.088790909,0.107878432
16/3/2024 12:00,1.088763636,0.109060912
16/3/2024 16:00,1.088736364,0.110557758
16/3/2024 20:00,1.088709091,0.112053527
17/3/2024 00:00,1.088681818,0.113181435
17/3/2024 04:00,1.088654545,0.114067362
17/3/2024 08:00,1.088627273,0.115663736
17/3/2024 12:00,1.0886,0.116614163
17/3/2024 16:00,1.0884,0.117211546
17/3/2024 20:00,1.0885,0.117932129
18/3/2024 00:00,1.0892,0.118535318
18/3/2024 04:00,1.0903,0.118558775
18/3/2024 08:00,1.0885,0.119341117
18/3/2024 12:00,1.0869,0.122130467
18/3/2024 16:00,1.0873,0.123909459
18/3/2024 20:00,1.0875,0.125194977
19/3/2024 00:00,1.0855,0.128981636
19/3/2024 04:00,1.0851,0.132947387
19/3/2024 08:00,1.0859,0.135237331
19/3/2024 12:00,1.0865,0.136423869
19/3/2024 16:00,1.0862,0.137668057
19/3/2024 20:00,1.087,0.137755802
20/3/2024 00:00,1.0865,0.138083229
20/3/2024 04:00,1.0843,0.140965795
20/3/2024 08:00,1.0855,0.141723255
20/3/2024 12:00,1.0921,0.140024081
20/3/2024 16:00,1.0937,0.139395473
20/3/2024 20:00,1.0935,0.138794508
21/3/2024 00:00,1.0928,0.137489166
21/3/2024 04:00,1.091,0.135099297
21/3/2024 08:00,1.0861,0.136017962
21/3/2024 12:00,1.0857,0.137228663
21/3/2024 16:00,1.0862,0.137286197
21/3/2024 20:00,1.0838,0.139498508
22/3/2024 00:00,1.0825,0.143763316
22/3/2024 04:00,1.0817,0.148724353
22/3/2024 08:00,1.0816,0.154476742
22/3/2024 12:00,1.0806,0.16074595
22/3/2024 16:00,1.0808,0.165802674
22/3/2024 20:00,1.080790909,0.170114014
23/3/2024 00:00,1.080781818,0.173919255
23/3/2024 04:00,1.080772727,0.17541149
23/3/2024 08:00,1.080763636,0.176134134
23/3/2024 12:00,1.080754545,0.175628903
23/3/2024 16:00,1.080745455,0.173447904
23/3/2024 20:00,1.080736364,0.172339215
24/3/2024 00:00,1.080727273,0.171656572
24/3/2024 04:00,1.080718182,0.169273127
24/3/2024 08:00,1.080709091,0.172285308
24/3/2024 12:00,1.0807,0.174854127
24/3/2024 16:00,1.0807,0.177570355
24/3/2024 20:00,1.0814,0.179575037
25/3/2024 00:00,1.0814,0.18126018
25/3/2024 04:00,1.0828,0.180937773
25/3/2024 08:00,1.0837,0.180428756
25/3/2024 12:00,1.0839,0.179686621
25/3/2024 16:00,1.0837,0.178927717
25/3/2024 20:00,1.0837,0.178091113
26/3/2024 00:00,1.0842,0.177026768
26/3/2024 04:00,1.0858,0.175790799
26/3/2024 08:00,1.0828,0.175147446
26/3/2024 12:00,1.0829,0.174346825
26/3/2024 16:00,1.0833,0.173274856
26/3/2024 20:00,1.0826,0.172414344
27/3/2024 00:00,1.0826,0.171437608
27/3/2024 04:00,1.0821,0.170604628
27/3/2024 08:00,1.082,0.169691272
27/3/2024 12:00,1.0827,0.168301434
27/3/2024 16:00,1.0814,0.167636269
27/3/2024 20:00,1.0821,0.166296468
28/3/2024 00:00,1.0801,0.165439467
28/3/2024 04:00,1.0784,0.164647718
28/3/2024 08:00,1.0801,0.16385994
28/3/2024 12:00,1.0788,0.165498539
28/3/2024 16:00,1.0791,0.166253923
28/3/2024 20:00,1.0775,0.168383624
29/3/2024 00:00,1.0769,0.172328066
29/3/2024 04:00,1.0787,0.174083642
29/3/2024 08:00,1.0792,0.174826118
29/3/2024 12:00,1.0791,0.175066862
29/3/2024 16:00,1.079,0.175420164
29/3/2024 20:00,1.079027273,0.174899098
30/3/2024 00:00,1.079054545,0.174581945
30/3/2024 04:00,1.079081818,0.175445525
30/3/2024 08:00,1.079109091,0.175540044
30/3/2024 12:00,1.079136364,0.165943923
30/3/2024 16:00,1.079163636,0.150789862
30/3/2024 20:00,1.079190909,0.133600965
31/3/2024 00:00,1.079218182,0.115386778
31/3/2024 04:00,1.079245455,0.099891766
31/3/2024 08:00,1.079272727,0.095902337
31/3/2024 12:00,1.0793,0.092202003
31/3/2024 16:00,1.0793,0.086982466
31/3/2024 20:00,1.079,0.085800049
1/4/2024 00:00,1.0786,0.086143833
1/4/2024 04:00,1.0784,0.087054981
1/4/2024 08:00,1.0733,0.09756005
1/4/2024 12:00,1.0742,0.1047805
1/4/2024 16:00,1.0737,0.112336567
1/4/2024 20:00,1.073,0.12063577
2/4/2024 00:00,1.0741,0.126019187
2/4/2024 04:00,1.0752,0.129307281
2/4/2024 08:00,1.0769,0.130527318
2/4/2024 12:00,1.0768,0.131752548
2/4/2024 16:00,1.0768,0.132896189
2/4/2024 20:00,1.0777,0.133344654
3/4/2024 00:00,1.077,0.134200868
3/4/2024 04:00,1.0784,0.134253464
3/4/2024 08:00,1.0827,0.135385993
3/4/2024 12:00,1.0834,0.137131005
3/4/2024 16:00,1.0838,0.139232945
3/4/2024 20:00,1.0842,0.141472976
4/4/2024 00:00,1.0857,0.14560485
4/4/2024 04:00,1.0853,0.148231864
4/4/2024 08:00,1.0865,0.151810096
4/4/2024 12:00,1.0834,0.151357593
4/4/2024 16:00,1.0837,0.151357593
4/4/2024 20:00,1.0827,0.150556405
5/4/2024 00:00,1.0839,0.150251431
5/4/2024 04:00,1.0835,0.147533099
5/4/2024 08:00,1.084,0.148586042
5/4/2024 12:00,1.0835,0.149077609
5/4/2024 16:00,1.0837,0.149433404
5/4/2024 20:00,1.083718182,0.150325962
6/4/2024 00:00,1.083736364,0.151224931
6/4/2024 04:00,1.083754545,0.152417953
6/4/2024 08:00,1.083772727,0.153656166
6/4/2024 12:00,1.083790909,0.154501093
6/4/2024 16:00,1.083809091,0.15596709
6/4/2024 20:00,1.083827273,0.157142259
7/4/2024 00:00,1.083845455,0.158755686
7/4/2024 04:00,1.083863636,0.159920764
7/4/2024 08:00,1.083881818,0.161403859
7/4/2024 12:00,1.0839,0.162552115
7/4/2024 16:00,1.0838,0.163622725
7/4/2024 20:00,1.084,0.163928411
8/4/2024 00:00,1.0842,0.163750622
8/4/2024 04:00,1.0844,0.1647607
8/4/2024 08:00,1.0846,0.16602311
8/4/2024 12:00,1.0848,0.16729158
8/4/2024 16:00,1.085,0.168553753
8/4/2024 20:00,1.0852,0.169858927
9/4/2024 00:00,1.0854,0.17120307
9/4/2024 04:00,1.0861,0.173057696
9/4/2024 08:00,1.0856,0.174273722
9/4/2024 12:00,1.0857,0.175432112
9/4/2024 16:00,1.0859,0.176617054
9/4/2024 20:00,1.0853,0.177182045
10/4/2024 00:00,1.0855,0.177774752
10/4/2024 04:00,1.0856,0.17831721
10/4/2024 08:00,1.0737,0.184624543
10/4/2024 12:00,1.0744,0.189565413
10/4/2024 16:00,1.0741,0.194736943
10/4/2024 20:00,1.0745,0.198994126
11/4/2024 00:00,1.0743,0.203156853
11/4/2024 04:00,1.0729,0.209062732
11/4/2024 08:00,1.0722,0.210775841
11/4/2024 12:00,1.0729,0.212596606
11/4/2024 16:00,1.0726,0.214197608
11/4/2024 20:00,1.0717,0.21624853
12/4/2024 00:00,1.0684,0.225997784
12/4/2024 04:00,1.0651,0.243804951
12/4/2024 08:00,1.0647,0.262276829
12/4/2024 12:00,1.0638,0.28112327
12/4/2024 16:00,1.0643,0.297402716
12/4/2024 20:00,1.064227273,0.313000268
13/4/2024 00:00,1.064154545,0.327423244
13/4/2024 04:00,1.064081818,0.341402654
13/4/2024 08:00,1.064009091,0.354184236
13/4/2024 12:00,1.063936364,0.365776071
13/4/2024 16:00,1.063863636,0.376314185
13/4/2024 20:00,1.063790909,0.385824704
14/4/2024 00:00,1.063718182,0.393607117
14/4/2024 04:00,1.063645455,0.400870942
14/4/2024 08:00,1.063572727,0.406467664
14/4/2024 12:00,1.0635,0.413465993
14/4/2024 16:00,1.0646,0.418339852
14/4/2024 20:00,1.0652,0.42259474
15/4/2024 00:00,1.0658,0.425063665
15/4/2024 04:00,1.0655,0.427581643
15/4/2024 08:00,1.0644,0.430284142
15/4/2024 12:00,1.0626,0.434600087
15/4/2024 16:00,1.0624,0.43832111
15/4/2024 20:00,1.0611,0.442759755
16/4/2024 00:00,1.0618,0.445690136
16/4/2024 04:00,1.0642,0.445761565
16/4/2024 08:00,1.0628,0.446454428
16/4/2024 12:00,1.0622,0.447052255
16/4/2024 16:00,1.0621,0.447076288
16/4/2024 20:00,1.0628,0.44584924
17/4/2024 00:00,1.0625,0.444221848
17/4/2024 04:00,1.0636,0.44112958
17/4/2024 08:00,1.0643,0.436972511
17/4/2024 12:00,1.0671,0.430903343
17/4/2024 16:00,1.0669,0.424517266
17/4/2024 20:00,1.068,0.417067528
18/4/2024 00:00,1.0681,0.408824592
18/4/2024 04:00,1.0678,0.399805145
18/4/2024 08:00,1.066,0.390348116
18/4/2024 12:00,1.0644,0.380452255
18/4/2024 16:00,1.0642,0.369373076
18/4/2024 20:00,1.0636,0.357160508
19/4/2024 00:00,1.0655,0.342530317
19/4/2024 04:00,1.0652,0.32517405
19/4/2024 08:00,1.0655,0.306972788
19/4/2024 12:00,1.0655,0.286514548
19/4/2024 16:00,1.0656,0.262971674
19/4/2024 20:00,1.065590909,0.23780654
20/4/2024 00:00,1.065581818,0.207814008
20/4/2024 04:00,1.065572727,0.170838161
20/4/2024 08:00,1.065563636,0.164172137
20/4/2024 12:00,1.065554545,0.155579256
20/4/2024 16:00,1.065545455,0.146811934
20/4/2024 20:00,1.065536364,0.136193224
21/4/2024 00:00,1.065527273,0.124816974
21/4/2024 04:00,1.065518182,0.115728408
21/4/2024 08:00,1.065509091,0.107374717
21/4/2024 12:00,1.0655,0.095988513
21/4/2024 16:00,1.0658,0.083822844
21/4/2024 20:00,1.0662,0.072918942
22/4/2024 00:00,1.0658,0.069665544
22/4/2024 04:00,1.0635,0.069973185
22/4/2024 08:00,1.0647,0.069973185
22/4/2024 12:00,1.0652,0.069854259
22/4/2024 16:00,1.0654,0.069953069
22/4/2024 20:00,1.0657,0.070157017
23/4/2024 00:00,1.0678,0.072494937
23/4/2024 04:00,1.0675,0.074202455
23/4/2024 08:00,1.0695,0.079189195
23/4/2024 12:00,1.0703,0.085337856
23/4/2024 16:00,1.0703,0.090760067
23/4/2024 20:00,1.0706,0.096172609
24/4/2024 00:00,1.0688,0.098049252
24/4/2024 04:00,1.0689,0.099811063
24/4/2024 08:00,1.0686,0.100966494
24/4/2024 12:00,1.0701,0.103927736
24/4/2024 16:00,1.07,0.107040887
24/4/2024 20:00,1.0706,0.110990893
25/4/2024 00:00,1.0721,0.11734233
25/4/2024 04:00,1.072,0.122953349
25/4/2024 08:00,1.072,0.127739574
25/4/2024 12:00,1.0729,0.132232343
25/4/2024 16:00,1.0727,0.135532998
25/4/2024 20:00,1.0723,0.135920975
26/4/2024 00:00,1.0729,0.13770032
26/4/2024 04:00,1.0716,0.139654608
26/4/2024 08:00,1.0686,0.137599468
26/4/2024 12:00,1.0699,0.135325244
26/4/2024 16:00,1.0693,0.132208504
26/4/2024 20:00,1.069336364,0.129789148
27/4/2024 00:00,1.069372727,0.126706237
27/4/2024 04:00,1.069409091,0.124842102
27/4/2024 08:00,1.069445455,0.123595992
27/4/2024 12:00,1.069481818,0.123985225
27/4/2024 16:00,1.069518182,0.124315182
27/4/2024 20:00,1.069554545,0.124757636
28/4/2024 00:00,1.069590909,0.12519943
28/4/2024 04:00,1.069627273,0.125652729
28/4/2024 08:00,1.069663636,0.125556026
28/4/2024 12:00,1.0697,0.124065186
28/4/2024 16:00,1.0707,0.122806077
28/4/2024 20:00,1.0715,0.121209801
29/4/2024 00:00,1.0717,0.121718207
29/4/2024 04:00,1.0715,0.12155319
29/4/2024 08:00,1.0717,0.121666735
29/4/2024 12:00,1.0721,0.12197509
29/4/2024 16:00,1.0715,0.121613969
29/4/2024 20:00,1.0705,0.120416211
30/4/2024 00:00,1.0705,0.119071716
30/4/2024 04:00,1.072,0.118608012
30/4/2024 08:00,1.0684,0.116717592
30/4/2024 12:00,1.0672,0.115267117
30/4/2024 16:00,1.0666,0.114215826
30/4/2024 20:00,1.0657,0.114027076
1/5/2024 00:00,1.0661,0.113399471
1/5/2024 04:00,1.0672,0.111830484
1/5/2024 08:00,1.0679,0.109813352
1/5/2024 12:00,1.0689,0.107406097
1/5/2024 16:00,1.0717,0.106177374
1/5/2024 20:00,1.0715,0.105073836
2/5/2024 00:00,1.0715,0.103278137
2/5/2024 04:00,1.0703,0.09635365
2/5/2024 08:00,1.0705,0.091439364
2/5/2024 12:00,1.0727,0.08864387
2/5/2024 16:00,1.073,0.086125821
2/5/2024 20:00,1.0735,0.084399682
3/5/2024 00:00,1.0735,0.085468762
3/5/2024 04:00,1.0745,0.087491796
3/5/2024 08:00,1.0769,0.095746406
3/5/2024 12:00,1.0764,0.102133227
3/5/2024 16:00,1.0761,0.107357242
3/5/2024 20:00,1.076109091,0.11220397
4/5/2024 00:00,1.076118182,0.116011966
4/5/2024 04:00,1.076127273,0.119504214
4/5/2024 08:00,1.076136364,0.122428353
4/5/2024 12:00,1.076145455,0.125873095
4/5/2024 16:00,1.076154545,0.129025525
4/5/2024 20:00,1.076163636,0.13213417
5/5/2024 00:00,1.076172727,0.135120659
5/5/2024 04:00,1.076181818,0.137991517
5/5/2024 08:00,1.076190909,0.140737828
5/5/2024 12:00,1.0762,0.143198988
5/5/2024 16:00,1.0758,0.145193311
5/5/2024 20:00,1.0765,0.147946379
6/5/2024 00:00,1.0762,0.150145479
6/5/2024 04:00,1.0773,0.153629095
6/5/2024 08:00,1.0779,0.156248847
6/5/2024 12:00,1.0768,0.15810781
6/5/2024 16:00,1.0767,0.15927041
6/5/2024 20:00,1.0769,0.160438614
7/5/2024 00:00,1.0764,0.16094465
7/5/2024 04:00,1.0767,0.161549871
7/5/2024 08:00,1.0766,0.161892106
7/5/2024 12:00,1.0756,0.161352519
7/5/2024 16:00,1.075,0.160388067
7/5/2024 20:00,1.0741,0.159038114
8/5/2024 00:00,1.0738,0.157574857
8/5/2024 04:00,1.0746,0.156232607
8/5/2024 08:00,1.0755,0.155171165
8/5/2024 12:00,1.0745,0.153632587
8/5/2024 16:00,1.0747,0.152851015
8/5/2024 20:00,1.0748,0.152516073
9/5/2024 00:00,1.0735,0.152072973
9/5/2024 04:00,1.0727,0.151622703
9/5/2024 08:00,1.0771,0.152558414
9/5/2024 12:00,1.0782,0.15456982
9/5/2024 16:00,1.0782,0.156102786
9/5/2024 20:00,1.0776,0.156174521
10/5/2024 00:00,1.0781,0.156481295
10/5/2024 04:00,1.0779,0.157468348
10/5/2024 08:00,1.0772,0.154187823
10/5/2024 12:00,1.0772,0.148493577
10/5/2024 16:00,1.0771,0.140835499
10/5/2024 20:00,1.077127273,0.129992566
11/5/2024 00:00,1.077154545,0.118654343
11/5/2024 04:00,1.077181818,0.108724322
11/5/2024 08:00,1.077209091,0.099274766
11/5/2024 12:00,1.077236364,0.091226263
11/5/2024 16:00,1.077263636,0.088515432
11/5/2024 20:00,1.077290909,0.085147065
12/5/2024 00:00,1.077318182,0.081402783
12/5/2024 04:00,1.077345455,0.074219298
12/5/2024 08:00,1.077372727,0.066459038
12/5/2024 12:00,1.0774,0.063444041
12/5/2024 16:00,1.077,0.060460273
12/5/2024 20:00,1.0772,0.05824073
13/5/2024 00:00,1.0775,0.055970055
13/5/2024 04:00,1.0789,0.05671407
13/5/2024 08:00,1.0795,0.059533964
13/5/2024 12:00,1.0789,0.06123339
13/5/2024 16:00,1.0792,0.063192404
13/5/2024 20:00,1.0787,0.064348033
14/5/2024 00:00,1.0787,0.065422861
14/5/2024 04:00,1.0793,0.067171362
14/5/2024 08:00,1.0818,0.073636731
14/5/2024 12:00,1.0821,0.080031392
14/5/2024 16:00,1.0814,0.08426027
14/5/2024 20:00,1.0826,0.090524296
15/5/2024 00:00,1.0826,0.0961196
15/5/2024 04:00,1.0829,0.101749783
15/5/2024 08:00,1.086,0.114067241
15/5/2024 12:00,1.0882,0.13071143
15/5/2024 16:00,1.0888,0.146268866
15/5/2024 20:00,1.0888,0.159996037
16/5/2024 00:00,1.0874,0.168989157
16/5/2024 04:00,1.0867,0.1762391
16/5/2024 08:00,1.0875,0.184397377
16/5/2024 12:00,1.0867,0.190312577
16/5/2024 16:00,1.0868,0.195844766
16/5/2024 20:00,1.0859,0.199796421
17/5/2024 00:00,1.0859,0.203184311
17/5/2024 04:00,1.0843,0.204765566
17/5/2024 08:00,1.0869,0.20891368
17/5/2024 12:00,1.0873,0.212542569
17/5/2024 16:00,1.0869,0.214742762
17/5/2024 20:00,1.086890909,0.215633827
18/5/2024 00:00,1.086881818,0.215709729
18/5/2024 04:00,1.086872727,0.216169367
18/5/2024 08:00,1.086863636,0.217077457
18/5/2024 12:00,1.086854545,0.216578677
18/5/2024 16:00,1.086845455,0.215860292
18/5/2024 20:00,1.086836364,0.214821672
19/5/2024 00:00,1.086827273,0.211651475
19/5/2024 04:00,1.086818182,0.206640737
19/5/2024 08:00,1.086809091,0.206635716
19/5/2024 12:00,1.0868,0.20723733
19/5/2024 16:00,1.0873,0.208038516
19/5/2024 20:00,1.0878,0.208550492
20/5/2024 00:00,1.0873,0.208746894
20/5/2024 04:00,1.0861,0.207687084
20/5/2024 08:00,1.0861,0.205741363
20/5/2024 12:00,1.086,0.203482446
20/5/2024 16:00,1.086,0.200847474
20/5/2024 20:00,1.0856,0.197780625
21/5/2024 00:00,1.0865,0.194903472
21/5/2024 04:00,1.0869,0.191968764
21/5/2024 08:00,1.0854,0.188033419
21/5/2024 12:00,1.0855,0.183855291
21/5/2024 16:00,1.0854,0.179355475
21/5/2024 20:00,1.0856,0.174599165